opcode,num
push,804570
mov,764565
call,402402
add,326224
cmp,206578
pop,159370
je,151437
jne,148439
test,119455
jmp,106570
lea,93766
xor,93436
ret,72015
int3,57930
inc,52793
sub,45950
and,39242
dec,35030
or,33477
movzx,27622
jb,19074
shr,13749
jae,9996
neg,9945
shl,9945
sbb,8442
jbe,8049
leave,7656
ja,6779
nop,6688
imul,6257
jl,5447
movdqa,4563
rep movsd,4473
jge,4386
jle,4203
setg,4001
mul,3985
adc,3881
div,3649
sar,3408
movsd,3403
not,2860
bnd ret,2472
cld,2437
cdq,2186
movsx,2181
comisd,2064
rcr,2045
xchg,1912
fstp,1839
movd,1754
jg,1636
fld,1605
setne,1397
sete,1226
std,1068
ror,1043
jns,1033
pushfd,921
rep stosd,917
psllq,890
psrlq,881
js,874
addsd,842
wait,779
cpuid,734
bt,726
xorps,680
cvtsi2sd,676
int,640
idiv,632
pxor,583
por,552
psubq,531
psrldq,521
bnd jmp,516
xorpd,516
pand,516
rol,478
fnstcw,472
pushal,458
fadd,455
bnd call,448
stosd,444
popal,412
shld,404
sahf,403
palignr,388
insb,376
loopne,372
in,363
pandn,344
cwde,340
mulsd,333
clc,324
arpl,299
fnstsw,291
bnd jb,288
fldcw,285
lahf,285
stosb,263
outsd,260
movdqu,254
cmc,231
loop,231
movq,228
jo,216
xgetbv,212
fcomp,201
repne scasb,198
punpckldq,187
pcmpgtd,182
fchs,180
outsb,178
cvtss2sd,173
cmpeqsd,172
subpd,172
rep stosb,170
aad,170
bound,159
movsb,154
das,152
enter,148
fldz,146
insd,138
out,137
jecxz,132
rep movsb,111
jnp,111
repe cmpsb,111
aesenc,108
popfd,105
sti,104
hlt,104
fxch,102
lodsb,102
retf,101
salc,99
aas,96
cmove,95
faddp,93
bts,91
pshufd,91
jp,90
aesdec,90
setge,89
frndint,88
lcall,84
fistp,83
fmul,83
pcmpeqb,82
xlatb,81
daa,79
bnd jne,76
fsub,75
fst,72
pmovmskb,71
fild,71
fcmovnu,70
seto,70
lodsd,67
lock cmpxchg,66
fnclex,64
ljmp,63
repe cmpsd,62
movups,52
cmovne,52
shrd,49
lock xadd,49
aam,48
les,47
lock add,47
fld1,46
fnsave,45
fyl2x,44
frstor,44
fprem,44
sldt,44
fcompp,43
iretd,42
bsf,40
jno,40
cmpsd,40
stc,40
pshuflw,38
aaa,37
aesenclast,36
paddq,35
sal,33
rcl,32
fdiv,30
movapd,30
aesdeclast,30
movlhps,27
pcmpistri,26
stosw,26
pcmpeqw,25
cvttsd2si,23
fsubp,23
fcom,23
cli,23
cmpsb,20
bsr,20
into,20
scasd,19
ud2,18
scasb,17
fsubr,16
int1,16
fdivr,16
loope,16
movnti,16
fist,16
andpd,15
cvttss2si,14
fiadd,11
lodsw,10
cmovb,9
stmxcsr,8
cmovs,8
fisttp,8
lds,8
btr,8
vcvttss2usi,7
kmovb,7
cmovl,6
bswap,6
cmpnlepd,6
psubd,5
cmovae,5
lock or,5
orps,5
fidiv,5
setae,5
ucomisd,4
pinsrb,4
movss,4
ucomiss,4
lock inc,4
punpcklbw,4
punpcklwd,4
fdivp,4
movaps,4
cmovno,4
orpd,3
movsw,3
fisub,3
fbld,3
fxam,3
fscale,3
vmwrite,3
ficomp,3
fimul,3
cmpltpd,2
subsd,2
cmovle,2
setle,2
f2xm1,2
fabs,2
fidivr,2
fucomi,2
setl,2
fstpnce,2
btc,2
fmulp,2
outsw,2
repne scasd,1
fldl2t,1
pmulhuw,1
lock xor,1
cmpneqpd,1
pextrw,1
fldenv,1
fucompp,1
rcpps,1
sgdt,1
fnstenv,1
prefetchnta,1
ficom,1
fisubr,1
iret,1
psubusb,1
fcmovne,1
cmovg,1
lar,1
lldt,1
pause,1
fcmovu,1
pushf,1
xrelease xchg,1
lock and,1
lock sbb,1
fucomip,1
sets,1
fdivrp,1
pinsrw,1
lock xchg,1
popaw,1
